https://sbis.ru/contragents/7708753935/770801001	Концерн "Системпром", АО	АКЦИОНЕРНОЕ ОБЩЕСТВО "КОНЦЕРН "СИСТЕМПРОМ"	Мурзин Александр Петрович	временный генеральный директор	научные исследования и разработки в области естественных и технических наук прочие	
https://sbis.ru/contragents/5020034631/771401001	Киоут, АО	АКЦИОНЕРНОЕ ОБЩЕСТВО "КЛИНСКИЙ ИНСТИТУТ ОХРАНЫ И УСЛОВИЙ ТРУДА"	Москвичев Андрей Викторович	генеральный директор	научные исследования и разработки в области естественных и технических наук прочие	
https://sbis.ru/contragents/2128023037/213001001	Системпром-Сервис, ООО	ОБЩЕСТВО С ОГРАНИЧЕННОЙ ОТВЕТСТВЕННОСТЬЮ "СИСТЕМПРОМ-СЕРВИС"	Биктимиров Геннадий Терентьевич	директор	производство компьютеров и периферийного оборудования	
https://sbis.ru/contragents/7711082420/771401001	Чоп "Бумеранг-Ф", ООО	ОБЩЕСТВО С ОГРАНИЧЕННОЙ ОТВЕТСТВЕННОСТЬЮ ЧАСТНОЕ ОХРАННОЕ ПРЕДПРИЯТИЕ "БУМЕРАНГ-Ф"	Осипов Александр Иванович	генеральный директор	деятельность частных охранных служб	
https://sbis.ru/contragents/3662027793/366401001	Чоп "Бумеранг", ООО	ОБЩЕСТВО С ОГРАНИЧЕННОЙ ОТВЕТСТВЕННОСТЬЮ ЧАСТНОЕ ОХРАННОЕ ПРЕДПРИЯТИЕ "БУМЕРАНГ"	Басков Сергей Иванович	генеральный директор	деятельность частных охранных служб	
https://sbis.ru/contragents/2536117149/253701001	Бумеранг Плюс, ООО	ОБЩЕСТВО С ОГРАНИЧЕННОЙ ОТВЕТСТВЕННОСТЬЮ "БУМЕРАНГ ПЛЮС"	Боровик Неллик	директор	производство прочей мебели	
https://sbis.ru/contragents/7708753935/770801001	Концерн "Системпром", АО	АКЦИОНЕРНОЕ ОБЩЕСТВО "КОНЦЕРН "СИСТЕМПРОМ"	Мурзин Александр Петрович	временный генеральный директор	научные исследования и разработки в области естественных и технических наук прочие	
https://sbis.ru/contragents/5020034631/771401001	Киоут, АО	АКЦИОНЕРНОЕ ОБЩЕСТВО "КЛИНСКИЙ ИНСТИТУТ ОХРАНЫ И УСЛОВИЙ ТРУДА"	Москвичев Андрей Викторович	генеральный директор	научные исследования и разработки в области естественных и технических наук прочие	
https://sbis.ru/contragents/2128023037/213001001	Системпром-Сервис, ООО	ОБЩЕСТВО С ОГРАНИЧЕННОЙ ОТВЕТСТВЕННОСТЬЮ "СИСТЕМПРОМ-СЕРВИС"	Биктимиров Геннадий Терентьевич	директор	производство компьютеров и периферийного оборудования	
https://sbis.ru/contragents/7711082420/771401001	Чоп "Бумеранг-Ф", ООО	ОБЩЕСТВО С ОГРАНИЧЕННОЙ ОТВЕТСТВЕННОСТЬЮ ЧАСТНОЕ ОХРАННОЕ ПРЕДПРИЯТИЕ "БУМЕРАНГ-Ф"	Осипов Александр Иванович	генеральный директор	деятельность частных охранных служб	
https://sbis.ru/contragents/3662027793/366401001	Чоп "Бумеранг", ООО	ОБЩЕСТВО С ОГРАНИЧЕННОЙ ОТВЕТСТВЕННОСТЬЮ ЧАСТНОЕ ОХРАННОЕ ПРЕДПРИЯТИЕ "БУМЕРАНГ"	Басков Сергей Иванович	генеральный директор	деятельность частных охранных служб	
https://sbis.ru/contragents/2536117149/253701001	Бумеранг Плюс, ООО	ОБЩЕСТВО С ОГРАНИЧЕННОЙ ОТВЕТСТВЕННОСТЬЮ "БУМЕРАНГ ПЛЮС"	Боровик Неллик	директор	производство прочей мебели	
